"last_name, first_name","player_id","team_id","team","position","age","competitive_runs","bolts","hp_to_1b","sprint_speed"
"De La Cruz, Elly",682829,113,"CIN","SS",21,"159","83","4.13","30.5"
"Witt Jr., Bobby",677951,118,"KC","SS",23,"257","149","4.12","30.5"
"Thompson, Bubba",669352,140,"TEX","LF",25,"24","19","4.22","30.4"
"Blanco, Dairon",680118,118,"KC","RF",30,"55","31","4.15","30.3"
"Turner, Trea",607208,143,"PHI","SS",30,"283","115","4.14","30.3"
"Fitzgerald, Tyler",666149,137,"SF","CF",25,"12","6",,"30.1"
"Carroll, Corbin",682998,109,"AZ","RF",22,"292","133","4.08","30.1"
"Mateo, Jorge",622761,110,"BAL","SS",28,"122","50","4.20","30.1"
"Perkins, Blake",663368,158,"MIL","RF",26,"58","22","4.14","30.0"
"Lawlar, Jordan",691783,109,"AZ","SS",20,"13","9","4.20","30.0"
"Young, Jacob",696285,120,"WSH","CF",23,"55","24","4.15","30.0"
"McCarthy, Jake",664983,109,"AZ","RF",25,"139","57","4.18","29.9"
"Crow-Armstrong, Pete",691718,112,"CHC","CF",21,"7","5",,"29.9"
"Doyle, Brenton",686668,115,"COL","CF",25,"148","57","4.23","29.9"
"Hampson, Garrett",641658,146,"MIA","SS",28,"80","32","4.21","29.8"
"Siri, Jose",642350,139,"TB","CF",27,"92","31","4.17","29.8"
"Deluca, Jonny",676356,119,"LAD","CF",24,"20","9","4.25","29.7"
"Azocar, José",640492,135,"SD","CF",27,"35","12","4.33","29.7"
"Bae, Ji Hwan",678225,134,"PIT","2B",23,"164","58","4.05","29.7"
"Hill, Derek",656537,120,"WSH","CF",27,"23","8","4.19","29.7"
"Ruiz, Esteury",665923,133,"OAK","CF",24,"193","63","4.34","29.7"
"Eaton, Nate",681987,118,"KC","LF",26,"13","4","4.30","29.6"
"Carter, Evan",694497,140,"TEX","LF",20,"65","19","4.12","29.6"
"Rodríguez, Julio",677594,136,"SEA","CF",22,"272","81","4.28","29.6"
"Rojas, Johan",679032,143,"PHI","CF",22,"83","23","4.26","29.5"
"Duran, Jarren",680776,111,"BOS","CF",26,"142","38","4.15","29.5"
"Turang, Brice",668930,158,"MIL","2B",23,"145","32","4.19","29.5"
"Trout, Mike",545361,108,"LAA","CF",31,"77","20","4.32","29.5"
"Peña, Jeremy",665161,117,"HOU","SS",25,"283","62","4.28","29.4"
"Rosario, Amed",642708,119,"LAD","SS",27,"250","42","4.23","29.4"
"Meckler, Wade",685133,137,"SF","CF",23,"24","8",,"29.4"
"Kennedy, Buddy",671083,109,"AZ","3B",24,"7","4",,"29.3"
"Thomas, Lane",657041,120,"WSH","RF",27,"241","46","4.39","29.3"
"Berti, Jon",542932,146,"MIA","SS",33,"209","27","4.30","29.3"
"Peguero, Liover",678894,134,"PIT","SS",22,"69","9","4.32","29.3"
"Buxton, Byron",621439,142,"MIN","DH",29,"94","19","4.17","29.3"
"Gonzalez, Romy",663853,145,"CWS","2B",26,"37","2","4.31","29.3"
"Florial, Estevan",664314,147,"NYY","CF",25,"24","3","4.33","29.3"
"Mitchell, Garrett",669003,158,"MIL","CF",24,"21","6","4.09","29.3"
"Tatis Jr., Fernando",665487,135,"SD","RF",24,"217","32","4.32","29.3"
"Giménez, Andrés",665926,114,"CLE","2B",24,"240","40","4.18","29.2"
"Locastro, Tim",641796,121,"NYM","LF",30,"18","6",,"29.2"
"Stevenson, Andrew",664057,142,"MIN","CF",29,"20","2","4.14","29.2"
"Sosa, Edmundo",624641,143,"PHI","3B",27,"115","15","4.37","29.2"
"Paris, Kyren",677347,108,"LAA","SS",21,"13","5",,"29.2"
"Haggerty, Sam",664059,136,"SEA","",29,"43","1","4.29","29.2"
"Adams, Jordyn",677941,108,"LAA","RF",23,"10","2",,"29.2"
"Winn, Masyn",691026,138,"STL","SS",21,"48","12","4.24","29.2"
"Straw, Myles",664702,114,"CLE","CF",28,"194","38","4.14","29.2"
"Hamilton, David",666152,111,"BOS","SS",25,"16","6",,"29.2"
"Meyers, Jake",676694,117,"HOU","CF",27,"116","3","4.32","29.2"
"Taveras, Leody",665750,140,"TEX","CF",24,"236","43","4.24","29.1"
"Fairchild, Stuart",656413,113,"CIN","LF",27,"86","2","4.28","29.1"
"Vierling, Matt",663837,116,"DET","RF",26,"217","8","4.39","29.1"
"Duran, Ezequiel",677649,140,"TEX","SS",24,"145","17","4.27","29.1"
"Marte, Noelvi",682622,113,"CIN","3B",21,"58","4","4.30","29.1"
"Taylor, Samad",669392,118,"KC","LF",24,"27","6","4.23","29.1"
"Gelof, Zack",680869,133,"OAK","2B",23,"100","11","4.37","29.0"
"Baddoo, Akil",668731,116,"DET","LF",24,"122","10","4.09","29.0"
"Miller, Owen",680911,158,"MIL","2B",26,"102","9","4.35","29.0"
"Adell, Jo",666176,108,"LAA","CF",24,"20","4",,"29.0"
"Meadows, Parker",678009,116,"DET","CF",23,"43","3","4.21","29.0"
"McLain, Matt",680574,113,"CIN","SS",23,"135","9","4.23","29.0"
"Caballero, José",676609,136,"SEA","2B",26,"78","5","4.22","29.0"
"Hilliard, Sam",656541,144,"ATL","CF",29,"17",,,"29.0"
"Wiemer, Joey",686894,158,"MIL","CF",24,"151",,"4.27","28.9"
"Wade, Tyler",642180,133,"OAK","SS",28,"23","2","4.24","28.9"
"Hopkins, TJ",686759,113,"CIN","RF",26,"17","3","4.35","28.9"
"Myers, Dane",667472,146,"MIA","CF",27,"34","2","4.28","28.9"
"Jankowski, Travis",608671,140,"TEX","LF",32,"141","22","4.24","28.9"
"Davis, Jonathan",641505,146,"MIA","CF",31,"41","1","4.26","28.9"
"Westburg, Jordan",676059,110,"BAL","2B",24,"85","1","4.35","28.9"
"Outman, James",681546,119,"LAD","CF",26,"170","7","4.24","28.9"
"Benson, Will",666181,113,"CIN","RF",25,"91","3","4.38","28.9"
"Marlowe, Cade",687799,136,"SEA","LF",26,"25","3",,"28.9"
"Stott, Bryson",681082,143,"PHI","2B",25,"254","18","4.23","28.8"
"Edman, Tommy",669242,138,"STL","SS",28,"207","7","4.24","28.8"
"Call, Alex",669743,120,"WSH","CF",28,"149",,"4.29","28.8"
"Pollock, AJ",572041,137,"SF","LF",35,"50","1","4.34","28.8"
"Raley, Luke",670042,139,"TB","RF",28,"121","5","4.31","28.8"
"Marisnick, Jake",545350,119,"LAD","CF",32,"28",,"4.38","28.8"
"Kiermaier, Kevin",595281,141,"TOR","CF",33,"191",,"4.22","28.8"
"Harris II, Michael",671739,144,"ATL","CF",22,"225","14","4.25","28.8"
"Johnson, Bryce",669369,137,"SF","CF",27,"12","10",,"28.8"
"Thomas, Alek",677950,109,"AZ","CF",23,"222",,"4.20","28.8"
"Gonzales, Nick",693304,134,"PIT","2B",24,"56","1","4.37","28.8"
"Taylor, Tyrone",621438,158,"MIL","RF",29,"97","3","4.40","28.8"
"Story, Trevor",596115,111,"BOS","SS",30,"52","2","4.32","28.8"
"Henderson, Gunnar",683002,110,"BAL","SS",22,"238","9","4.23","28.8"
"Lowe, Josh",666139,139,"TB","RF",25,"181","13","4.23","28.8"
"McKenna, Ryan",663630,110,"BAL","CF",26,"48","2","4.24","28.7"
"Bader, Harrison",664056,113,"CIN","CF",29,"118","10","4.32","28.8"
"Merrifield, Whit",593160,141,"TOR","LF",34,"213","2","4.30","28.7"
"Rafaela, Ceddanne",678882,111,"BOS","CF",22,"36",,"4.19","28.7"
"Martínez, J.P.",679881,140,"TEX","LF",27,"16","2",,"28.7"
"Peraza, Oswald",672724,147,"NYY","3B",23,"72","3","4.39","28.7"
"Taylor, Michael A.",572191,142,"MIN","CF",32,"118","9","4.27","28.7"
"Semien, Marcus",543760,140,"TEX","2B",32,"268","4","4.42","28.7"
"Waters, Drew",671221,118,"KC","CF",24,"95",,"4.30","28.7"
"Robert Jr., Luis",673357,145,"CWS","CF",25,"176","22","4.37","28.7"
"Cruz, Oneil",665833,134,"PIT","SS",24,"14","3",,"28.7"
"Realmuto, J.T.",592663,143,"PHI","C",32,"176","1","4.36","28.7"
"Tapia, Raimel",606132,139,"TB","RF",29,"69","8","4.26","28.6"
"Mastrobuoni, Miles",670156,112,"CHC","3B",27,"51",,"4.29","28.6"
"Moniak, Mickey",666160,108,"LAA","CF",25,"80","2","4.32","28.6"
"Castro, Willi",650489,142,"MIN","LF",26,"143",,"4.28","28.6"
"Freeman, Tyler",671289,114,"CLE","3B",24,"76",,"4.40","28.6"
"Caminero, Junior",691406,139,"TB","3B",19,"17",,"4.41","28.6"
"Chavis, Michael",656308,120,"WSH","2B",27,"32",,"4.41","28.6"
"Olivares, Edward",658668,118,"KC","LF",27,"158","3","4.44","28.6"
"Marsh, Brandon",669016,143,"PHI","CF",25,"162","6","4.31","28.6"
"Guthrie, Dalton",656495,143,"PHI","CF",27,"8",,,"28.6"
"Frelick, Sal",686217,158,"MIL","CF",23,"100","15","4.18","28.6"
"Hernández, Teoscar",606192,136,"SEA","RF",30,"206","5","4.33","28.6"
"Abrams, CJ",682928,120,"WSH","SS",22,"218","13","4.22","28.6"
"Batten, Matthew",676946,135,"SD","3B",28,"50","2","4.29","28.6"
"Suwinski, Jack",669261,134,"PIT","CF",24,"133","2","4.28","28.6"
"Walker, Jordan",691023,138,"STL","RF",21,"159","4","4.47","28.6"
"Basabe, Osleivis",678545,139,"TB","SS",22,"48",,"4.31","28.6"
"Morel, Christopher",666624,112,"CHC","DH",24,"137","5","4.42","28.6"
"Alfaro, Jorge",595751,111,"BOS","DH",30,"24",,"4.45","28.5"
"Hoerner, Nico",663538,112,"CHC","2B",26,"310","4","4.31","28.5"
"Chapman, Matt",656305,141,"TOR","3B",30,"171","2","4.43","28.5"
"McKinstry, Zach",656716,116,"DET","2B",28,"167","2","4.25","28.5"
"Millas, Drew",686452,120,"WSH","C",25,"16",,,"28.5"
"O'Neill, Tyler",641933,138,"STL","LF",28,"80","5","4.37","28.5"
"Smith, Josh H.",669701,140,"TEX","3B",25,"69","3","4.29","28.5"
"Young, Jared",676724,112,"CHC","1B",27,"15",,,"28.5"
"Kim, Ha-Seong",673490,135,"SD","2B",27,"212","1","4.33","28.5"
"Suzuki, Seiya",673548,112,"CHC","RF",28,"180","5","4.34","28.5"
"Langeliers, Shea",669127,133,"OAK","C",25,"128",,"4.51","28.4"
"Garrett, Stone",656448,120,"WSH","LF",27,"78","4","4.47","28.5"
"Volpe, Anthony",683011,147,"NYY","SS",22,"189",,"4.40","28.4"
"Arozarena, Randy",668227,139,"TB","LF",28,"207","11","4.25","28.4"
"Jones, Nolan",666134,115,"COL","LF",25,"158",,"4.41","28.4"
"Remillard, Zach",621545,145,"CWS","2B",29,"57",,"4.47","28.4"
"McCutchen, Andrew",457705,134,"PIT","DH",36,"147","2","4.44","28.4"
"Cabbage, Trey",663550,108,"LAA","1B",26,"18",,,"28.4"
"Dixon, Brandon",641525,135,"SD","1B",31,"28","2","4.33","28.4"
"Chisholm Jr., Jazz",665862,146,"MIA","CF",25,"115","10","4.15","28.4"
"Swanson, Dansby",621020,112,"CHC","SS",29,"212","9","4.29","28.4"
"Julks, Corey",667452,117,"HOU","LF",27,"100","2","4.36","28.4"
"Steer, Spencer",668715,113,"CIN","1B",25,"222",,"4.44","28.4"
"Triolo, Jared",669707,134,"PIT","3B",25,"70",,"4.37","28.4"
"Velazquez, Andrew",623205,108,"LAA","SS",28,"24","7",,"28.4"
"Clement, Ernie",676391,141,"TOR","SS",27,"24","1","4.24","28.4"
"Biggio, Cavan",624415,141,"TOR","2B",28,"92",,"4.40","28.3"
"Dozier, Hunter",641531,118,"KC","3B",31,"28",,"4.48","28.3"
"Williams, Luke",663897,144,"ATL","SS",26,"5",,,"28.3"
"Wong, Connor",657136,111,"BOS","C",27,"140",,"4.41","28.3"
"Domínguez, Jasson",691176,147,"NYY","CF",20,"13","1",,"28.3"
"Brennan, Will",686823,114,"CLE","RF",25,"214",,"4.33","28.3"
"Tucker, Cole",657061,115,"COL","RF",26,"5",,,"28.3"
"Bellinger, Cody",641355,112,"CHC","CF",27,"177","1","4.14","28.3"
"Chang, Yu",644374,111,"BOS","SS",27,"31",,"4.56","28.3"
"Thomas, Cody",642137,133,"OAK","RF",28,"15",,,"28.3"
"Edwards, Xavier",669364,146,"MIA","2B",23,"34","3","4.18","28.3"
"Rosario, Eguy",666703,135,"SD","3B",23,"14",,,"28.3"
"Senzel, Nick",669222,113,"CIN","3B",28,"101",,"4.51","28.3"
"Margot, Manuel",622534,139,"TB","CF",28,"146","1","4.31","28.3"
"García, Avisaíl",541645,146,"MIA","RF",32,"32","1","4.52","28.3"
"Cronenworth, Jake",630105,135,"SD","1B",29,"164","1","4.32","28.3"
"Friedl, TJ",670770,113,"CIN","CF",27,"189","6","4.27","28.3"
"Taylor, Chris",621035,119,"LAD","LF",32,"112",,"4.34","28.3"
"Williams, Alika",675961,134,"PIT","SS",24,"41",,"4.41","28.2"
"Walls, Taylor",670764,139,"TB","2B",26,"103",,"4.31","28.2"
"Garcia, Maikel",672580,118,"KC","3B",23,"191","6","4.44","28.2"
"Mountcastle, Ryan",663624,110,"BAL","1B",26,"167",,"4.43","28.2"
"Lewis, Royce",668904,142,"MIN","3B",24,"85",,"4.35","28.2"
"Davis, Henry",680779,134,"PIT","RF",23,"79",,"4.49","28.2"
"Palacios, Joshua",641943,134,"PIT","RF",27,"87",,"4.28","28.2"
"Mercado, Óscar",640458,138,"STL","RF",28,"14",,,"28.2"
"McCormick, Chas",676801,117,"HOU","CF",28,"129","1","4.31","28.2"
"Wall, Forrest",657088,144,"ATL","",27,"12","2",,"28.2"
"Pillar, Kevin",607680,144,"ATL","LF",34,"55","1","4.42","28.2"
"Lindor, Francisco",596019,121,"NYM","SS",29,"188","1","4.35","28.2"
"Ortiz, Joey",687401,110,"BAL","2B",24,"17","2",,"28.1"
"Greene, Riley",682985,116,"DET","CF",22,"159","1","4.26","28.1"
"Báez, Javier",595879,116,"DET","SS",30,"223",,"4.40","28.1"
"Stubbs, Garrett",596117,143,"PHI","C",30,"36",,"4.36","28.1"
"Dubón, Mauricio",643289,117,"HOU","2B",28,"222","1","4.26","28.1"
"Carpenter, Kerry",681481,116,"DET","RF",25,"158",,"4.32","28.1"
"Alu, Jake",666906,120,"WSH","LF",26,"62",,"4.37","28.1"
"Ahmed, Nick",605113,109,"AZ","SS",33,"67",,"4.44","28.1"
"Short, Zack",670097,116,"DET","2B",28,"68",,"4.37","28.1"
"Tovar, Ezequiel",678662,115,"COL","SS",21,"221","1","4.37","28.1"
"Yelich, Christian",592885,158,"MIL","LF",31,"274","14","4.35","28.1"
"Dalbec, Bobby",666915,111,"BOS","1B",28,"12",,,"28.1"
"Varsho, Daulton",662139,141,"TOR","LF",26,"159","2","4.33","28.1"
"Kwan, Steven",680757,114,"CLE","LF",25,"324","3","4.22","28.1"
"Arias, Gabriel",672356,114,"CLE","SS",23,"124",,"4.44","28.1"
"Riley, Austin",663586,144,"ATL","3B",26,"235",,"4.50","28.1"
"Estrada, Thairo",642731,137,"SF","2B",27,"200",,"4.33","28.0"
"Palacios, Richie",680700,138,"STL","LF",26,"49","2","4.14","28.0"
"Mullins, Cedric",656775,110,"BAL","CF",28,"124","1","4.26","28.0"
"Fraley, Jake",641584,113,"CIN","RF",28,"131",,"4.24","28.0"
"Phillips, Brett",621433,108,"LAA","CF",29,"16",,,"28.0"
"Monasterio, Andruw",655316,158,"MIL","3B",26,"104",,"4.40","28.0"
"Burger, Jake",669394,146,"MIA","3B",27,"181",,"4.44","28.0"
"Gonzalez, Oscar",660757,114,"CLE","RF",25,"74",,"4.44","28.0"
"Robles, Victor",645302,120,"WSH","CF",26,"47","6","4.43","28.0"
"Haase, Eric",606992,114,"CLE","C",30,"102",,"4.53","28.0"
"Toglia, Michael",669911,115,"COL","1B",24,"37",,"4.42","28.0"
"Schmitt, Casey",669477,137,"SF","SS",24,"89",,"4.50","28.0"
"Newman, Kevin",621028,113,"CIN","3B",29,"97",,"4.42","28.0"
"Wallner, Matt",670242,142,"MIN","LF",25,"68",,"4.34","28.0"
"Lee, Korey",686676,145,"CWS","C",24,"30",,"4.48","28.0"
"Peterson, Jace",607054,109,"AZ","3B",33,"127",,"4.33","28.0"
"Nimmo, Brandon",607043,121,"NYM","CF",30,"244","2","4.27","28.0"
"Pereira, Everson",677592,147,"NYY","LF",22,"28",,"4.38","28.0"
"Acuña Jr., Ronald",660670,144,"ATL","RF",25,"290","18","4.35","28.0"
"Kelenic, Jarred",672284,136,"SEA","LF",23,"126","1","4.35","28.0"
"Fermín, José",665877,138,"STL","3B",24,"19",,"4.29","28.0"
"Ward, Taylor",621493,108,"LAA","LF",29,"133","4","4.49","28.0"
"Rosario, Eddie",592696,144,"ATL","LF",31,"154",,"4.30","27.9"
"Wisely, Brett",689172,137,"SF","2B",24,"39",,"4.31","27.9"
"Allen, Nick",669397,133,"OAK","SS",24,"149",,"4.38","27.9"
"Haseley, Adam",656514,145,"CWS","RF",27,"16",,"4.33","27.9"
"Cowser, Colton",681297,110,"BAL","CF",23,"27",,"4.23","27.9"
"Reyes, Pablo",622569,111,"BOS","SS",29,"66",,"4.38","27.9"
"Kjerstad, Heston",677008,110,"BAL","DH",24,"5",,,"27.9"
"Madrigal, Nick",663611,112,"CHC","3B",26,"162",,"4.27","27.9"
"Myers, Wil",571976,113,"CIN","RF",32,"39",,"4.57","27.9"
"Laureano, Ramón",657656,114,"CLE","RF",28,"120",,"4.40","27.9"
"Vargas, Miguel",678246,119,"LAD","2B",23,"91",,"4.33","27.9"
"O'Hoppe, Logan",681351,108,"LAA","C",23,"51",,"4.47","27.9"
"Ramírez, Harold",623912,139,"TB","DH",28,"189",,"4.36","27.8"
"Canha, Mark",592192,158,"MIL","LF",34,"192",,"4.44","27.9"
"Ohtani, Shohei",660271,108,"LAA","DH",28,"181",,"4.16","27.8"
"Cabrera, Oswaldo",665828,147,"NYY","LF",24,"116",,"4.42","27.8"
"Grossman, Robbie",543257,140,"TEX","DH",33,"123",,"4.36","27.8"
"Burdick, Peyton",680814,146,"MIA","RF",26,"10",,,"27.8"
"Nootbaar, Lars",663457,138,"STL","CF",25,"199",,"4.30","27.8"
"Pache, Cristian",665506,143,"PHI","CF",24,"42",,"4.46","27.8"
"Kreidler, Ryan",668952,116,"DET","2B",25,"6",,,"27.8"
"Ramírez, José",608070,114,"CLE","3B",30,"234",,"4.38","27.8"
"India, Jonathan",663697,113,"CIN","2B",26,"172",,"4.49","27.8"
"Springer, George",543807,141,"TOR","RF",33,"237","1","4.41","27.8"
"Wendle, Joey",621563,146,"MIA","SS",33,"142",,"4.28","27.8"
"Rodríguez, Endy",682848,134,"PIT","C",23,"66",,"4.29","27.8"
"Pham, Tommy",502054,109,"AZ","LF",35,"204",,"4.52","27.8"
"Reynolds, Bryan",668804,134,"PIT","LF",28,"222",,"4.44","27.7"
"Happ, Ian",664023,112,"CHC","LF",28,"224",,"4.32","27.7"
"O'Hearn, Ryan",656811,110,"BAL","1B",29,"144",,"4.46","27.7"
"Mathias, Mark",664029,137,"SF","2B",28,"30",,"4.48","27.7"
"Mauricio, Ronny",677595,121,"NYM","2B",22,"41",,"4.40","27.7"
"Slater, Austin",596103,137,"SF","CF",30,"74",,"4.51","27.7"
"Matos, Luis",682641,137,"SF","CF",21,"119",,"4.43","27.7"
"De La Cruz, Bryan",650559,146,"MIA","LF",26,"211",,"4.47","27.7"
"Vavra, Terrin",679631,110,"BAL","RF",26,"18",,"4.44","27.7"
"Frazier, Clint",640449,145,"CWS","RF",28,"26",,"4.51","27.7"
"Grisham, Trent",663757,135,"SD","CF",26,"145","1","4.47","27.7"
"Arroyo, Christian",624414,111,"BOS","2B",28,"80",,"4.43","27.7"
"Kiner-Falefa, Isiah",643396,147,"NYY","CF",28,"148",,"4.37","27.7"
"Neto, Zach",687263,108,"LAA","SS",22,"108",,"4.44","27.7"
"Moore, Dylan",664238,136,"SEA","LF",30,"40",,"4.43","27.7"
"Capra, Vinny",681962,134,"PIT","2B",26,"11",,,"27.7"
"Andujar, Miguel",609280,134,"PIT","RF",28,"37",,"4.50","27.7"
"Carlson, Dylan",666185,138,"STL","CF",24,"80",,"4.39","27.7"
"Wisdom, Patrick",621550,112,"CHC","3B",31,"62",,"4.48","27.7"
"Luplow, Jordan",656669,142,"MIN","LF",29,"27",,"4.51","27.6"
"Barrero, Jose",676480,113,"CIN","SS",25,"42",,"4.53","27.7"
"Sosa, Lenyn",672820,145,"CWS","2B",23,"57",,"4.62","27.6"
"Bogaerts, Xander",593428,135,"SD","SS",30,"286",,"4.38","27.7"
"Lopez, Nicky",670032,144,"ATL","2B",28,"131",,"4.24","27.6"
"Marte, Ketel",606466,109,"AZ","2B",29,"271","3","4.37","27.6"
"Brosseau, Mike",670712,158,"MIL","3B",29,"24",,"4.54","27.6"
"Duvall, Adam",594807,111,"BOS","CF",34,"72",,"4.52","27.6"
"Cave, Jake",595909,143,"PHI","LF",30,"65",,"4.39","27.6"
"Fortes, Nick",663743,146,"MIA","C",26,"119",,"4.44","27.6"
"Diaz, Yainer",673237,117,"HOU","C",24,"143",,"4.43","27.6"
"Montes, Coco",663796,115,"COL","2B",26,"13",,,"27.6"
"Encarnacion-Strand, Christian",687952,113,"CIN","1B",23,"62",,"4.52","27.6"
"Marcano, Tucupita",672779,134,"PIT","SS",23,"68",,"4.33","27.6"
"Clemens, Kody",665019,143,"PHI","1B",27,"48",,"4.46","27.6"
"Goodman, Hunter",696100,115,"COL","RF",23,"25",,"4.51","27.6"
"Polanco, Jorge",593871,142,"MIN","2B",29,"82",,"4.34","27.6"
"Isbel, Kyle",664728,118,"KC","CF",26,"124",,"4.35","27.6"
"Adames, Willy",642715,158,"MIL","SS",27,"175",,"4.43","27.6"
"Melendez, MJ",669004,118,"KC","RF",24,"155",,"4.25","27.6"
"Blackmon, Charlie",453568,115,"COL","DH",36,"149",,"4.40","27.6"
"Harper, Bryce",547180,143,"PHI","DH",30,"197",,"4.43","27.6"
"Gamel, Ben",592325,135,"SD","LF",31,"10",,,"27.6"
"Albies, Ozzie",645277,144,"ATL","2B",26,"236","1","4.21","27.6"
"Sánchez, Jesús",660821,146,"MIA","RF",25,"159",,"4.44","27.5"
"Daza, Yonathan",602074,115,"COL","CF",29,"34",,"4.44","27.5"
"Candelario, Jeimer",600869,112,"CHC","3B",29,"206",,"4.45","27.5"
"Franco, Wander",677551,139,"TB","SS",22,"181",,"4.35","27.5"
"Hays, Austin",669720,110,"BAL","LF",27,"210",,"4.42","27.5"
"Butler, Lawrence",671732,133,"OAK","CF",22,"42",,"4.40","27.4"
"Grichuk, Randal",545341,108,"LAA","LF",31,"179",,"4.59","27.4"
"Bethancourt, Christian",542194,139,"TB","C",31,"131",,"4.51","27.4"
"Cordero, Franchy",614173,147,"NYY","RF",28,"22",,"4.44","27.4"
"Sabol, Blake",666165,137,"SF","C",25,"108",,"4.40","27.4"
"Kepler, Max",596146,142,"MIN","RF",30,"150",,"4.35","27.4"
"Schneider, Davis",676914,141,"TOR","2B",24,"38",,"4.47","27.4"
"Rocchio, Brayan",677587,114,"CLE","SS",22,"44",,"4.38","27.4"
"Segura, Jean",516416,146,"MIA","3B",33,"149",,"4.35","27.4"
"Naylor, Bo",666310,114,"CLE","C",23,"67",,"4.34","27.4"
"Torkelson, Spencer",679529,116,"DET","1B",23,"198",,"4.60","27.4"
"McNeil, Jeff",643446,121,"NYM","2B",31,"236","1","4.15","27.4"
"Lowe, Brandon",664040,139,"TB","2B",28,"116","2","4.33","27.3"
"Brown, Seth",664913,133,"OAK","RF",30,"110",,"4.58","27.3"
"Sullivan, Brett",664954,135,"SD","C",29,"27",,"4.42","27.3"
"Thompson, Trayce",572204,145,"CWS","CF",32,"33",,"4.56","27.3"
"Hicks, Aaron",543305,110,"BAL","CF",33,"108",,"4.33","27.3"
"Rengifo, Luis",650859,108,"LAA","2B",26,"170",,"4.34","27.3"
"Castro, Rodolfo",666801,143,"PHI","SS",24,"90",,"4.48","27.3"
"Gordon, Nick",624503,142,"MIN","CF",27,"41",,"4.43","27.3"
"Smith, Kevin",675656,133,"OAK","SS",26,"43",,"4.50","27.3"
"García, Adolis",666969,140,"TEX","RF",30,"197","2","4.46","27.3"
"Lowe, Nathaniel",663993,140,"TEX","1B",27,"282",,"4.38","27.3"
"Baty, Brett",683146,121,"NYM","3B",23,"137",,"4.39","27.3"
"Noda, Ryan",676116,133,"OAK","1B",27,"134",,"4.48","27.3"
"Massey, Michael",686681,118,"KC","2B",25,"120",,"4.44","27.3"
"Tauchman, Mike",643565,112,"CHC","CF",32,"148",,"4.39","27.3"
"Verdugo, Alex",657077,111,"BOS","RF",27,"248",,"4.34","27.3"
"Velázquez, Nelson",676369,118,"KC","RF",24,"56",,"4.54","27.3"
"Kirilloff, Alex",666135,142,"MIN","1B",25,"100",,"4.41","27.3"
"Bouchard, Sean",656248,115,"COL","RF",27,"13",,,"27.3"
"Hummel, Cooper",669450,136,"SEA","DH",28,"9",,,"27.2"
"Maton, Nick",665155,116,"DET","3B",26,"84",,"4.48","27.2"
"Benintendi, Andrew",643217,145,"CWS","LF",28,"209",,"4.43","27.2"
"Betts, Mookie",605141,119,"LAD","RF",30,"207",,"4.48","27.2"
"García, Luis",671277,120,"WSH","2B",23,"222",,"4.28","27.2"
"Perdomo, Geraldo",672695,109,"AZ","SS",23,"192","1","4.44","27.2"
"Bauers, Jake",641343,147,"NYY","RF",27,"74",,"4.43","27.2"
"Loftin, Nick",679845,118,"KC","2B",24,"37",,"4.54","27.2"
"Ibáñez, Andy",628451,116,"DET","2B",30,"160",,"4.43","27.2"
"Ellis, Drew",656403,143,"PHI","3B",27,"8",,,"27.2"
"Anderson, Tim",641313,145,"CWS","SS",30,"230","11","4.52","27.2"
"Hensley, David",682073,117,"HOU","DH",27,"31",,"4.53","27.2"
"Ortega, Rafael",542364,121,"NYM","CF",32,"51",,"4.49","27.2"
"Castellanos, Nick",592206,143,"PHI","RF",31,"223",,"4.52","27.2"
"Gurriel, Yuli",493329,146,"MIA","1B",39,"131",,"4.47","27.2"
"Rogers, Jake",668670,116,"DET","C",28,"106",,"4.67","27.2"
"Moreno, Gabriel",672515,109,"AZ","C",23,"191",,"4.40","27.2"
"Rutherford, Blake",666164,120,"WSH","LF",26,"15",,"4.52","27.2"
"Bleday, JJ",668709,133,"OAK","LF",25,"91",,"4.50","27.2"
"Wilson, Weston",642215,143,"PHI","LF",28,"9",,,"27.2"
"Martini, Nick",605361,113,"CIN","DH",33,"21",,,"27.2"
"Smith, Will",669257,119,"LAD","C",28,"179",,"4.49","27.2"
"Grissom, Vaughn",687093,144,"ATL","SS",22,"35",,"4.54","27.1"
"Bride, Jonah",681146,133,"OAK","3B",27,"38",,"4.52","27.1"
"Trammell, Taylor",666211,136,"SEA","LF",25,"12",,,"27.1"
"Marte, Starling",516782,121,"NYM","RF",34,"128","2","4.37","27.1"
"Jansen, Danny",643376,141,"TOR","C",28,"81",,"4.57","27.1"
"McKinney, Billy",641856,147,"NYY","LF",28,"48",,"4.40","27.1"
"Heyward, Jason",518792,119,"LAD","RF",33,"132",,"4.45","27.1"
"Hayes, Ke'Bryan",663647,134,"PIT","3B",26,"186",,"4.52","27.1"
"Joe, Connor",656582,134,"PIT","1B",30,"153",,"4.56","27.1"
"Luciano, Marco",682617,137,"SF","SS",21,"15",,,"27.1"
"Bradley Jr., Jackie",598265,118,"KC","CF",33,"45",,"4.39","27.1"
"Bichette, Bo",666182,141,"TOR","SS",25,"237",,"4.52","27.1"
"Donovan, Brendan",680977,138,"STL","2B",26,"131",,"4.41","27.1"
"Escobar, Eduardo",500871,108,"LAA","3B",34,"96",,"4.40","27.1"
"Rivera, Emmanuel",656896,109,"AZ","3B",27,"118",,"4.64","27.1"
"Lukes, Nathan",664770,141,"TOR","RF",28,"9",,,"27.1"
"Fry, David",681807,114,"CLE","C",27,"34",,"4.65","27.1"
"Refsnyder, Rob",608701,111,"BOS","LF",32,"81",,"4.47","27.1"
"Fermin, Freddy",666023,118,"KC","C",28,"82",,"4.59","27.1"
"Rooker, Brent",667670,133,"OAK","DH",28,"119",,"4.62","27.1"
"Gurriel Jr., Lourdes",666971,109,"AZ","LF",29,"250",,"4.50","27.1"
"Julien, Edouard",666397,142,"MIN","2B",24,"133",,"4.39","27.0"
"Duffy, Matt",622110,118,"KC","3B",32,"85",,"4.60","27.0"
"Rutschman, Adley",668939,110,"BAL","C",25,"253",,"4.41","27.0"
"Yastrzemski, Mike",573262,137,"SF","CF",32,"98",,"4.37","27.0"
"Allen, Greg",656185,147,"NYY","LF",30,"8",,,"27.0"
"Raleigh, Cal",663728,136,"SEA","C",26,"122",,"4.56","27.0"
"Vargas, Ildemaro",545121,120,"WSH","3B",31,"152",,"4.44","27.0"
"Capel, Conner",668843,133,"OAK","RF",26,"28",,,"27.0"
"Peralta, David",444482,119,"LAD","LF",35,"195",,"4.52","27.0"
"Ramos, Henry",592656,113,"CIN","RF",31,"31",,,"27.0"
"Busch, Michael",683737,119,"LAD","3B",25,"33",,"4.46","26.9"
"Drury, Brandon",592273,108,"LAA","2B",30,"183",,"4.56","27.0"
"Porter, Logan",682515,118,"KC","C",27,"9",,,"26.9"
"Ramos, Heliot",671218,137,"SF","LF",23,"26",,,"26.9"
"Rivas, Alfonso",663845,134,"PIT","1B",26,"40",,"4.51","26.9"
"Colás, Oscar",693049,145,"CWS","RF",24,"89",,"4.43","26.9"
"Toro, Abraham",647351,158,"MIL","3B",26,"6",,,"26.9"
"Stephenson, Tyler",663886,113,"CIN","C",26,"165",,"4.62","26.9"
"Schoop, Jonathan",570731,116,"DET","3B",31,"53",,"4.68","26.9"
"Espinal, Santiago",669289,141,"TOR","2B",28,"110",,"4.42","26.9"
"Pinto, René",650907,139,"TB","C",26,"29",,"4.54","26.9"
"Altuve, Jose",514888,117,"HOU","2B",33,"184","11","4.32","26.9"
"Odor, Rougned",596059,135,"SD","2B",29,"44",,"4.41","26.9"
"Hernández, Enrique",571771,119,"LAD","SS",31,"164",,"4.59","26.9"
"Muncy, Max",571970,119,"LAD","3B",32,"132",,"4.51","26.9"
"DeJong, Paul",657557,137,"SF","SS",29,"98",,"4.62","26.9"
"Soto, Juan",665742,135,"SD","LF",24,"236",,"4.39","26.8"
"Jung, Josh",673962,140,"TEX","3B",25,"177",,"4.59","26.8"
"Schanuel, Nolan",694384,108,"LAA","1B",21,"60",,"4.37","26.8"
"Tena, José",677588,114,"CLE","SS",22,"10",,,"26.8"
"Querecuto, Juniel",578570,138,"STL","3B",30,"6",,,"26.8"
"Owings, Chris",572008,134,"PIT","SS",31,"5",,,"26.8"
"Bruján, Vidal",660644,139,"TB","2B",25,"32","1",,"26.8"
"Renfroe, Hunter",592669,113,"CIN","RF",31,"174",,"4.65","26.8"
"Abreu, Wilyer",677800,111,"BOS","CF",24,"26",,,"26.7"
"Contreras, Willson",575929,138,"STL","C",31,"172",,"4.54","26.7"
"Crawford, J.P.",641487,136,"SEA","SS",28,"180",,"4.55","26.7"
"Rojas, Josh",668942,136,"SEA","3B",29,"108",,"4.45","26.7"
"Herrera, Iván",671056,138,"STL","C",23,"18",,,"26.7"
"Urías, Ramón",602104,110,"BAL","3B",29,"171",,"4.62","26.7"
"Freeman, Freddie",518692,119,"LAD","1B",33,"261",,"4.53","26.7"
"Wells, Austin",669224,147,"NYY","C",23,"26",,"4.61","26.7"
"Wong, Kolten",543939,119,"LAD","2B",32,"76","1","4.44","26.7"
"Canzone, Dominic",686527,136,"SEA","LF",25,"60",,"4.42","26.7"
"Haniger, Mitch",571745,137,"SF","LF",32,"70",,"4.59","26.7"
"Mead, Curtis",678554,139,"TB","3B",22,"35",,"4.68","26.7"
"Santander, Anthony",623993,110,"BAL","RF",28,"176",,"4.66","26.7"
"Larnach, Trevor",663616,142,"MIN","LF",26,"48",,"4.52","26.6"
"Miranda, Jose",669304,142,"MIN","3B",25,"60",,"4.51","26.6"
"Correa, Carlos",621043,142,"MIN","SS",28,"201",,"4.61","26.6"
"Judge, Aaron",592450,147,"NYY","RF",31,"82",,"4.80","26.6"
"Dickerson, Corey",572816,120,"WSH","LF",34,"63",,"4.38","26.6"
"Tucker, Kyle",663656,117,"HOU","RF",26,"212",,"4.51","26.6"
"Bohm, Alec",664761,143,"PHI","3B",26,"259",,"4.65","26.6"
"Soler, Jorge",624585,146,"MIA","DH",31,"154",,"4.76","26.6"
"Díaz, Yandy",650490,139,"TB","1B",31,"239",,"4.61","26.6"
"Montero, Elehuris",660707,115,"COL","1B",24,"104",,"4.63","26.6"
"Kessinger, Grae",666197,117,"HOU","SS",25,"16",,"4.58","26.6"
"Rendon, Anthony",543685,108,"LAA","3B",33,"52",,"4.61","26.5"
"Gallo, Joey",608336,142,"MIN","LF",29,"63",,"4.69","26.5"
"Harrison, Josh",543281,143,"PHI","2B",35,"39",,"4.66","26.5"
"Farmer, Kyle",571657,142,"MIN","3B",32,"125",,"4.58","26.5"
"Sheets, Gavin",657757,145,"CWS","RF",27,"109",,"4.57","26.5"
"Frazier, Adam",624428,110,"BAL","2B",31,"168",,"4.50","26.5"
"Jiménez, Eloy",650391,145,"CWS","DH",26,"190",,"4.60","26.5"
"Jeffers, Ryan",680777,142,"MIN","C",26,"89",,"4.68","26.5"
"Gorman, Nolan",669357,138,"STL","2B",23,"94",,"4.46","26.5"
"Reyes, Franmil",614177,118,"KC","DH",27,"22",,"4.77","26.5"
"Fletcher, Dominic",666150,109,"AZ","CF",25,"40",,"4.46","26.5"
"Contreras, William",661388,158,"MIL","C",25,"246",,"4.49","26.5"
"Motter, Taylor",600301,138,"STL","2B",33,"18",,"4.71","26.5"
"Andrus, Elvis",462101,145,"CWS","2B",34,"195",,"4.57","26.5"
"Almonte, Abraham",501659,121,"NYM","",34,"5",,,"26.5"
"Barnes, Austin",605131,119,"LAD","C",33,"76",,"4.68","26.5"
"Castro, Harold",605612,115,"COL","2B",29,"105",,"4.45","26.5"
"Delay, Jason",641511,134,"PIT","C",28,"74",,"4.65","26.5"
"Kieboom, Carter",666198,120,"WSH","3B",25,"29",,"4.62","26.4"
"Bart, Joey",663698,137,"SF","C",26,"28",,"4.62","26.4"
"Ozuna, Marcell",542303,144,"ATL","DH",32,"188",,"4.74","26.4"
"Bryant, Kris",592178,115,"COL","RF",31,"105",,"4.59","26.4"
"Valdez, Enmanuel",665839,111,"BOS","2B",24,"56",,"4.58","26.4"
"Trejo, Alan",676701,115,"COL","2B",27,"80",,"4.70","26.4"
"Rojas, Miguel",500743,119,"LAD","SS",34,"171",,"4.57","26.4"
"Moncada, Yoán",660162,145,"CWS","3B",28,"110",,"4.60","26.4"
"Goldschmidt, Paul",502671,138,"STL","1B",35,"204",,"4.58","26.4"
"Torres, Gleyber",650402,147,"NYY","2B",26,"219",,"4.61","26.4"
"Guerrero Jr., Vladimir",665489,141,"TOR","1B",24,"241",,"4.62","26.4"
"Pederson, Joc",592626,137,"SF","DH",31,"109",,"4.52","26.4"
"Suárez, Eugenio",553993,136,"SEA","3B",31,"150",,"4.71","26.4"
"Zavala, Seby",664874,109,"AZ","C",29,"47",,"4.63","26.4"
"Walker, Christian",572233,109,"AZ","1B",32,"247","1","4.72","26.4"
"Torrens, Luis",620443,136,"SEA","DH",27,"7",,,"26.3"
"Alvarez, Francisco",682626,121,"NYM","C",21,"140",,"4.57","26.3"
"Rodgers, Brendan",663898,115,"COL","2B",26,"87",,"4.59","26.3"
"Anderson, Brian",605119,158,"MIL","3B",30,"110",,"4.64","26.3"
"Cooper, Garrett",643265,135,"SD","1B",32,"129",,"4.64","26.3"
"Pratto, Nick",668472,118,"KC","1B",24,"90",,"4.50","26.3"
"Amaya, Jacob",676070,146,"MIA","SS",24,"6",,,"26.3"
"Stewart, DJ",621466,121,"NYM","RF",29,"47",,"4.54","26.3"
"Nola, Austin",543592,135,"SD","C",33,"40",,"4.76","26.3"
"Bregman, Alex",608324,117,"HOU","3B",29,"243",,"4.57","26.3"
"Machado, Manny",592518,135,"SD","3B",30,"173",,"4.67","26.2"
"Vientos, Mark",668901,121,"NYM","DH",23,"68",,"4.75","26.3"
"Walsh, Jared",665120,108,"LAA","1B",29,"28",,,"26.2"
"Alvarez, Yordan",670541,117,"HOU","DH",26,"128",,"4.58","26.2"
"Huff, Sam",669087,140,"TEX","C",25,"15",,,"26.2"
"Seager, Corey",608369,140,"TEX","SS",29,"222",,"4.67","26.2"
"Stevenson, Cal",670276,137,"SF","CF",26,"6",,,"26.2"
"Urshela, Gio",570482,108,"LAA","3B",31,"91",,"4.45","26.2"
"Adams, Riley",656180,120,"WSH","C",27,"49",,"4.68","26.2"
"Yoshida, Masataka",807799,111,"BOS","LF",29,"274",,"4.36","26.2"
"Belt, Brandon",474832,141,"TOR","DH",35,"78",,"4.60","26.2"
"Bailey, Patrick",672275,137,"SF","C",24,"113",,"4.65","26.2"
"Fletcher, David",664058,108,"LAA","SS",29,"42",,"4.55","26.2"
"Longoria, Evan",446334,109,"AZ","3B",37,"74",,"4.76","26.2"
"Gomes, Yan",543228,112,"CHC","C",35,"137",,"4.64","26.2"
"Mejía, Francisco",642336,139,"TB","C",27,"47",,"4.45","26.2"
"Olson, Matt",621566,144,"ATL","1B",29,"208",,"4.64","26.2"
"Garlick, Kyle",664247,142,"MIN","RF",31,"7",,,"26.1"
"Aranda, Jonathan",666018,139,"TB","DH",25,"31",,"4.59","26.1"
"Madris, Bligh",676632,117,"HOU","DH",27,"10",,,"26.1"
"Arraez, Luis",650333,146,"MIA","2B",26,"266",,"4.58","26.1"
"Conforto, Michael",624424,137,"SF","RF",30,"148",,"4.62","26.1"
"Smith, Pavin",656976,109,"AZ","DH",27,"67",,"4.63","26.1"
"d'Arnaud, Travis",518595,144,"ATL","C",34,"101",,"4.72","26.1"
"McCann, James",543510,110,"BAL","C",33,"61",,"4.76","26.1"
"Murphy, Tom",608596,136,"SEA","C",32,"53",,"4.76","26.1"
"Paredes, Isaac",670623,139,"TB","3B",24,"147",,"4.74","26.1"
"Araúz, Jonathan",660620,121,"NYM","3B",24,"11",,,"26.1"
"Pérez, Carlos",656024,145,"CWS","C",26,"24",,"4.75","26.1"
"Kemp, Tony",643393,133,"OAK","LF",31,"162",,"4.39","26.1"
"Singleton, Jon",572138,117,"HOU","1B",31,"33",,"4.57","26.0"
"Martinez, J.D.",502110,119,"LAD","DH",35,"128",,"4.70","26.1"
"Wade Jr., LaMonte",664774,137,"SF","1B",29,"144",,"4.62","26.0"
"Zunino, Mike",572287,114,"CLE","C",32,"33",,"4.75","26.1"
"Urías, Luis",649966,111,"BOS","2B",26,"61",,"4.69","26.0"
"Amaya, Miguel",665804,112,"CHC","C",24,"34",,"4.68","26.0"
"Díaz, Aledmys",649557,133,"OAK","SS",32,"133",,"4.48","26.0"
"Alonso, Pete",624413,121,"NYM","1B",28,"183",,"4.64","26.0"
"Maile, Luke",571912,113,"CIN","C",32,"71",,"4.67","26.0"
"Devers, Rafael",646240,111,"BOS","3B",26,"219",,"4.54","26.0"
"Murphy, Sean",669221,144,"ATL","C",28,"134",,"4.66","26.0"
"Rortvedt, Ben",666163,147,"NYY","C",25,"19",,"4.63","25.9"
"Meadows, Austin",640457,116,"DET","LF",28,"7",,,"26.0"
"Stefanic, Michael",683021,108,"LAA","2B",27,"31",,"4.62","26.0"
"Villar, David",681584,137,"SF","2B",26,"33",,"4.69","25.9"
"Bell, Josh",605137,146,"MIA","DH",30,"213",,"4.69","25.9"
"McGuire, Reese",624512,111,"BOS","C",28,"83",,"4.52","25.9"
"Santana, Carlos",467793,158,"MIL","1B",37,"219",,"4.59","25.9"
"Vosler, Jason",613564,113,"CIN","1B",29,"15",,,"25.9"
"Miller, Brad",543543,140,"TEX","DH",33,"27",,"4.56","25.9"
"Arcia, Orlando",606115,144,"ATL","SS",28,"244",,"4.67","25.9"
"Lester, Josh",623507,110,"BAL","1B",28,"10",,,"25.9"
"McMahon, Ryan",641857,115,"COL","3B",28,"187",,"4.62","25.9"
"Lewis, Kyle",641786,109,"AZ","DH",27,"7",,,"25.8"
"Pasquantino, Vinnie",686469,118,"KC","1B",25,"78",,"4.64","25.8"
"Naylor, Josh",647304,114,"CLE","1B",26,"181",,"4.66","25.8"
"Smith-Njigba, Canaan",675986,134,"PIT","RF",24,"12",,,"25.8"
"Knizner, Andrew",668800,138,"STL","C",28,"77",,"4.78","25.8"
"Stowers, Kyle",669065,110,"BAL","RF",25,"8",,,"25.8"
"Heim, Jonah",641680,140,"TEX","C",28,"174",,"4.77","25.8"
"Crawford, Brandon",543063,137,"SF","SS",36,"103",,"4.53","25.8"
"Smith, Dominic",642086,120,"WSH","1B",28,"211",,"4.56","25.8"
"Bemboom, Anthony",621532,110,"BAL","C",33,"5",,,"25.8"
"Canario, Alexander",672744,112,"CHC","DH",23,"6",,,"25.8"
"Heineman, Tyler",623168,141,"TOR","C",32,"11",,,"25.8"
"Campusano, Luis",669134,135,"SD","C",24,"71",,"4.93","25.8"
"Davis, J.D.",605204,137,"SF","3B",30,"182",,"4.80","25.7"
"Nevin, Tyler",663527,116,"DET","3B",26,"31",,"4.78","25.7"
"Kelly, Carson",608348,116,"DET","C",28,"50",,"4.79","25.7"
"Garver, Mitch",641598,140,"TEX","DH",32,"93",,"4.75","25.7"
"Soderstrom, Tyler",691016,133,"OAK","C",21,"43",,"4.59","25.7"
"Yepez, Juan",660766,138,"STL","DH",25,"11",,,"25.6"
"Meneses, Joey",608841,120,"WSH","DH",31,"262",,"4.77","25.6"
"Profar, Jurickson",595777,135,"SD","LF",30,"179",,"4.61","25.6"
"Votto, Joey",458015,113,"CIN","1B",39,"66","1","4.73","25.6"
"LeMahieu, DJ",518934,147,"NYY","3B",34,"215",,"4.84","25.6"
"Burleson, Alec",676475,138,"STL","LF",24,"133",,"4.61","25.6"
"Higashioka, Kyle",543309,147,"NYY","C",33,"78",,"4.81","25.6"
"Hernández, Yonny",660634,119,"LAD","2B",25,"10",,,"25.6"
"Mendick, Danny",664901,121,"NYM","2B",29,"25",,"4.68","25.6"
"Abreu, José",547989,117,"HOU","1B",36,"207",,"4.76","25.5"
"Vaughn, Andrew",683734,145,"CWS","1B",25,"204",,"4.79","25.5"
"Blankenhorn, Travis",663905,120,"WSH","LF",26,"14",,,"25.5"
"Beaty, Matt",607461,118,"KC","1B",30,"27",,"4.65","25.5"
"Guillorme, Luis",641645,121,"NYM","2B",28,"39",,"4.48","25.4"
"Gallagher, Cam",595956,114,"CLE","C",30,"51",,"4.86","25.4"
"Herrera, Jose",645444,109,"AZ","C",26,"42",,"4.76","25.4"
"Mancini, Trey",641820,112,"CHC","1B",31,"82",,"4.87","25.4"
"Brantley, Michael",488726,117,"HOU","LF",36,"28",,"4.68","25.4"
"Solano, Donovan",456781,142,"MIN","1B",35,"139",,"4.75","25.4"
"Carpenter, Matt",572761,135,"SD","DH",37,"46",,"4.63","25.3"
"Diaz, Jordan",672478,133,"OAK","3B",22,"118",,"4.81","25.3"
"Ruf, Darin",573131,158,"MIL","DH",36,"15",,,"25.2"
"Serven, Brian",661531,115,"COL","C",28,"6",,,"25.1"
"Turner, Justin",457759,111,"BOS","DH",38,"202",,"4.83","25.1"
"Moustakas, Mike",519058,108,"LAA","3B",34,"106",,"4.80","25.1"
"Alberto, Hanser",593643,145,"CWS","3B",30,"30",,"4.79","25.1"
"Ruiz, Keibert",660688,120,"WSH","C",24,"207",,"4.78","25.1"
"Horwitz, Spencer",687462,141,"TOR","DH",25,"19",,,"25.1"
"Díaz, Elias",553869,115,"COL","C",32,"165",,"4.80","25.0"
"Lipcius, Andre",686531,116,"DET","3B",25,"11",,,"25.0"
"Calhoun, Kole",594777,114,"CLE","1B",35,"45",,"4.76","25.0"
"Vázquez, Christian",543877,142,"MIN","C",32,"113",,"4.78","25.0"
"Schwarber, Kyle",656941,143,"PHI","LF",30,"177",,"4.69","25.0"
"Caratini, Victor",605170,158,"MIL","C",29,"77",,"4.83","25.0"
"Calhoun, Willie",641432,147,"NYY","DH",28,"47",,"4.82","25.0"
"France, Ty",664034,136,"SEA","1B",28,"219",,"4.87","25.0"
"Hosmer, Eric",543333,112,"CHC","1B",33,"43",,"4.60","24.9"
"Choi, Ji Man",596847,135,"SD","DH",32,"30",,"4.63","24.9"
"Cron, C.J.",543068,108,"LAA","1B",33,"90",,"4.81","24.9"
"Donaldson, Josh",518626,158,"MIL","3B",37,"56",,"4.79","24.9"
"Arenado, Nolan",571448,138,"STL","3B",32,"189",,"4.77","24.9"
"Casas, Triston",671213,111,"BOS","1B",23,"132",,"4.71","24.9"
"Voit, Luke",572228,158,"MIL","1B",32,"15",,,"24.9"
"Sánchez, Gary",596142,135,"SD","C",30,"69",,"4.89","24.9"
"Lamb, Jake",571875,108,"LAA","1B",32,"12",,,"24.8"
"Mervis, Matt",670223,112,"CHC","1B",25,"23",,,"24.8"
"Nido, Tomás",621512,121,"NYM","C",29,"21",,"4.90","24.8"
"Cruz, Nelson",443558,135,"SD","DH",42,"39",,"4.91","24.7"
"Wynns, Austin",642851,115,"COL","C",32,"49",,"4.89","24.7"
"Baker, Luken",663609,138,"STL","DH",26,"29",,,"24.7"
"Pérez, Carlos",542208,133,"OAK","C",32,"44",,"4.82","24.6"
"Rizzo, Anthony",519203,147,"NYY","1B",33,"101",,"4.77","24.6"
"Thaiss, Matt",642136,108,"LAA","C",28,"83",,"4.85","24.6"
"Ford, Mike",645801,136,"SEA","DH",30,"52",,"4.88","24.5"
"Hedges, Austin",595978,140,"TEX","C",30,"53",,"5.03","24.5"
"Stanton, Giancarlo",519317,147,"NYY","DH",33,"109",,"5.02","24.4"
"Flores, Wilmer",527038,137,"SF","1B",31,"119",,"4.90","24.4"
"Trevino, Jose",624431,147,"NYY","C",30,"76",,"4.86","24.4"
"Narváez, Omar",553882,121,"NYM","C",31,"33",,,"24.4"
"Perez, Salvador",521692,118,"KC","C",33,"143",,"4.93","24.2"
"Camargo, Johan",622666,137,"SF","SS",29,"8",,,"24.2"
"Wallach, Chad",595453,108,"LAA","C",31,"45",,"5.09","24.2"
"La Stella, Tommy",600303,136,"SEA","DH",34,"5",,,"24.1"
"Hall, Darick",669742,143,"PHI","1B",27,"13",,,"24.0"
"Piña, Manny",444489,133,"OAK","C",36,"5",,,"24.0"
"Kirk, Alejandro",672386,141,"TOR","C",24,"158",,"4.93","23.7"
"Casali, Curt",592200,113,"CIN","C",34,"20",,,"23.7"
"Vogelbach, Daniel",596129,121,"NYM","DH",30,"76",,"4.93","23.6"
"Stallings, Jacob",607732,146,"MIA","C",33,"94",,"5.07","23.6"
"Winker, Jesse",608385,158,"MIL","DH",29,"51",,"5.02","23.5"
"Tellez, Rowdy",642133,158,"MIL","1B",28,"78",,"4.87","23.4"
"Barnhart, Tucker",571466,112,"CHC","C",32,"28",,"5.00","23.3"
"Padlo, Kevin",656821,108,"LAA","1B",26,"5",,,"23.3"
"Maldonado, Martín",455117,117,"HOU","C",36,"85",,"5.05","23.2"
"Cabrera, Miguel",408234,116,"DET","DH",40,"126",,"5.09","23.0"
"Grandal, Yasmani",518735,145,"CWS","C",34,"128",,"5.14","22.8"
"Aguilar, Jesús",542583,133,"OAK","1B",33,"26",,,"22.8"
"León, Sandy",506702,140,"TEX","C",34,"11",,,"22.7"
"Díaz, Isan",656371,116,"DET","2B",27,"6",,,"22.0"